,TransactionAmt,TransactionDT,card1,C13,card2,actual,predicted,score
625,-0.2297897868485168,-0.1244503623048782,-0.4481322718922229,-0.1818181818181818,0.7474747474747475,0,1,0.555
1388,-0.3526855128001077,0.664085912847731,-1.0470300061236988,0.3636363636363636,0.3299663299663299,0,1,0.59
88,3.626770650962916,-0.5306211410467754,-0.1527250459277403,-0.2727272727272727,-0.3097643097643097,1,0,0.38
